,ECS-Fargate,ECS-EC2,EKS-Fargate,EKS-EC2
Scaling 1-0-1,,,,
,6.32,5.43,15.23,4.25
,5.34,5.2,13.52,5.23
,5.73,5.76,18.23,5.12
,5.796666667,5.463333333,15.66,4.866666667
,,,,
Deleting Underlying Container,,,,
,,8.29,,5.82
,,8.47,,5.03
,,7.65,,5.65
,,8.136666667,,5.5
,,,,
Rebooting Underlying Host,,,,
,,24.23,,26.78
,,23.65,,24.01
,,21.2,,26.1
,,23.02666667,,25.63
